<?xml version="1.0"?>
<instance entity-name="altera_fir_compiler_ii" version="18.1" >
<generic name="filterType" value="decim" />
<generic name="interpFactor" value="1" />
<generic name="decimFactor" value="8" />
<generic name="symmetryMode" value="sym" />
<generic name="L_bandsFilter" value="1" />
<generic name="inputChannelNum" value="1" />
<generic name="clockRate" value="122.880" />
<generic name="clockSlack" value="0" />
<generic name="inputRate" value="0.384" />
<generic name="coeffReload" value="false" />
<generic name="baseAddress" value="0" />
<generic name="readWriteMode" value="read_write" />
<generic name="backPressure" value="false" />
<generic name="deviceFamily" value="Cyclone IV E" />
<generic name="speedGrade" value="medium" />
<generic name="delayRAMBlockThreshold" value="20" />
<generic name="dualMemDistRAMThreshold" value="1280" />
<generic name="mRAMThreshold" value="1000000" />
<generic name="hardMultiplierThreshold" value="10" />
<generic name="reconfigurable" value="false" />
<generic name="num_modes" value="2" />
<generic name="reconfigurable_list" value="0" />
<generic name="MODE_STRING" value="None Set" />
<generic name="channelModes" value="0,1,2,3" />
<generic name="inputType" value="int" />
<generic name="inputBitWidth" value="32" />
<generic name="inputFracBitWidth" value="0" />
<generic name="coeffSetRealValue" value="203.0,-415.0,692.0,-1011.0,1269.0,-1210.0,313.0,2345.0,-8271.0,19745.0,-40071.0,73770.0,-126882.0,207094.0,-324086.0,489507.0,-717452.0,1024204.0,-1429109.0,1954078.0,-2625490.0,3473644.0,-4537130.0,5862944.0,-7516767.0,9586061.0,-1.2204516E7,1.5561857E7,-1.9945886E7,2.565603E7,-3.2380042E7,3.35544E7,3.35544E7,-3.2380042E7,2.565603E7,-1.9945886E7,1.5561857E7,-1.2204516E7,9586061.0,-7516767.0,5862944.0,-4537130.0,3473644.0,-2625490.0,1954078.0,-1429109.0,1024204.0,-717452.0,489507.0,-324086.0,207094.0,-126882.0,73770.0,-40071.0,19745.0,-8271.0,2345.0,313.0,-1210.0,1269.0,-1011.0,692.0,-415.0,203.0" />
<generic name="coeffSetRealValueImag" value="0.0, 0.0, 0.0, 0.0, 0.0, 0.0, 0.0, 0.0, 0.0, 0.0, 0.0, 0.0, -0.0530093, -0.04498, 0.0, 0.0749693, 0.159034, 0.224907, 0.249809, 0.224907, 0.159034, 0.0749693, 0.0, -0.04498, -0.0530093, -0.0321283, 0.0, 0.0, 0.0, 0.0, 0.0, 0.0, 0.0, 0.0, 0.0, 0.0, 0.0" />
<generic name="coeffScaling" value="none" />
<generic name="coeffType" value="int" />
<generic name="coeffBitWidth" value="26" />
<generic name="coeffFracBitWidth" value="31" />
<generic name="coeffComplex" value="false" />
<generic name="karatsuba" value="false" />
<generic name="outType" value="int" />
<generic name="outMSBRound" value="trunc" />
<generic name="outMsbBitRem" value="0" />
<generic name="outLSBRound" value="round" />
<generic name="outLsbBitRem" value="0" />
<generic name="bankCount" value="1" />
<generic name="bankDisplay" value="0" />
</instance>
